,Substrate,SMILES,sequence,pdbpath
0,Tyrosine,N[C@@H](Cc1ccc(O)cc1)C(=O)O.O,MTQQRQVASGSPHTVLAQQLISPLLLNHTNSKNPVTVVTIDGHSLSIEQLIRSTLGVGLGQKTLSAQPASTTTKNAVEFQLTNDRETIDRINESLQFMRARTGESTYGVTTGFGAAATTRTRHVQELQVSIVEHLLAGITGVDLSQLANQLKAPIHPSQPLTPNVMPESIVRAAILIRVNSLTRGHSAVRLELLHGLLSLLNLSITPVVPLRGTISASGDLAPLAYVAGALCAHPDVYVIDRSLKEPKVLSSAECLKAHGITPLVLGPKEGLAIANGTAFSAAAASMAMFQAHTLGLLSQVLTAMTVEAMVGQIGAFHPFIHQTARPHAGQIEVAKNIYRLLQTSQLLESHDEMADHDLDRERSKQILRQDRYPLRTAPQWIGPQLEDLLVAHQAIAKELNSTTDNPLVDVENGILHHGGNFQATSVATSMEKTRLAIAAIGKIIFAQVTELNNSFMNKGLPSCLNGHEPSTNYHTKGLDTSCAAYCAELQYLAGPVTTHVQSAEGHNQSINSLAFISARKTLEAIEILKMLMASHLYCLCQALDLRVLEIRLKNKLSGIFSETVEQNFGAQLSKKRMDAVVDKMIDRFWFRREMTASLDTKERVRDGLEGCVAVVMEAYELEKKQMPVGAMASFLSSSADMIAACLEGLRAEGIDHKTVDFLGGTRPLYEFVRNSLGIRARRGDVVEGTPGPTIGGMVNKIFRSLQFELLPTDQPQQFLQVLLSLFESPPAIHGDSNSKDSLCFLSPLAELDNFLNTNIFSTPFACAVSVPPVSFFLFFVLLPLALSQSSPSQLRSPSVSSFTLSTPLLFFLPPQDPPSLHYVTLNLCSSPTSQPIDFQFNNILIVSNSSDNKTSSPDQLPARSKKSIISHQSSSGDYSDLRGGFASVSLVNSVGLWISIQSPNLTKSWDFQLGVSKETPLHALNGFPAFKLDDTDDTNALMTAADPSLFQPLTDKTPLSLQQFVPMILPTPDTLQIGLSGSLCYLQSLVAAQSQDFKTHVAQLSITSSLTTRTTGAGSFSSQPTGNATDHDYRISDQAAGLRTQYLINNLRPALNYSAWLFQPGPLVDNVQTGKLWPYINFRTKISKNCRLVHDLPFCPSVAYAVPSSPSQTTSSLIDMYNQTVSVHLANFRTVVSTYPCNNDTSGRYSFVTGCGDCLRAYTDWVCAVGMPRCTDAPARPVVAAAATETQVVFTRTEPSASRTPNMTDKSVYPYAELPPCASLCTLVAATCPPLIGWTCPLPGVSLGSSYRDSRPLSPLELSGGHQSLAGFGGDRAQDRFGNVFCNALESDIVYARMGSASPLRISVQTLASLLVAQSFFFFFFLLA,seq1.pdb
1,Tyrosine,N[C@@H](Cc1ccc(O)cc1)C(=O)O.O,MVIRCNSLLRGHSAIRLSVLETLIKLINLNITPVVPLRGSISASGDLSPLSYIAGALTGHPDVKVHVVKDGKEEIMAAPEALALHGIQPVTLEAKEGLAILNGTAVSASAAALVLHDAHFLNLLSQATTALTVEAMVGHVGSFHPFIHDEARPHPTQIEVAKNLRTLLEGSSFAVQDEEEVDVKADEGTLRQDRYPLRCSAQWLGPLTSDLLHAHSVITTELNSTTDNPLIDVALGRVHHGGGFMAMAVTNVAEKTRLGLQQIGKMSFAQLTEVLNCSMSRGLPSCLAAEDPSTNYHAKGCDIAAAAYTSELGYLANPVVSPSEQGDDLRLRRSQADAPPSCSVQPAEMANQAINSLALISARKTAEANDVLSLLLATHLYCVLQAIDLRAIEFEFKKLFDPTLVTSLKQHMGAFLSTDAEVDSLATKVKKALNKRLEQTATYDLVPRWHDAFSSATGVVVEHLAASPAAAATGSANPLVALHEWKLSSAQTAIALTRQVREQFWTTPSSQAPALHYLGRTKALYSFVRDEVGVKARRGDVFVGKPEATIGSSVSKIYEAIKSGAINEVLIGMLDA,seq2.pdb
2,Tyrosine,N[C@@H](Cc1ccc(O)cc1)C(=O)O.O,MGKATGHLKYDVHQQWPTPHVNKALESWARATELVKTGSVIIDGESLDIASVVALARYGCGVSIKRSAEIQDRINASVDTLQGYLANGYFLYGVNTGFGGSADTRTKDLLGLQRALMQHTQSAILTAQDRSDSQSSHEYLESHSMPSAWTRATMLLRCNTNIRGHSAMTANVVDTMIRLLQHDIVPIVPLRGSISASGDLMPLSYISGAIQGNPDVYVRVGGNRGFHKTMTAEQALRGASIEPVVLGPKEGLSLINGTAAAAAVATLGLYEANQLAVISQLLTALSSEALYANNEWAHPFIAAVRPHTGQIEAAQNIRNFLWGSKLIYGLEQTKDRFKSGLAQERYALRSSPQWLSPLLEDLMSAERQLTVEINSTTDNPVVNVSDNDIHCGANFQAAAVTSATEKIRLALQSIGKMLFSQTTEMINHDLSNGLPPNLAADDPSLSFCLKGIDVNTAAYTSELGFLANPVSNHVQSAEMHNQAINSLGLLSARQTMNAVEVLSLIVANCLYTGCQGVDLRTLHRTFLAQVQEPVRKLVSALVDDDEEKASSLFKAQWNLFEEAWYDYSYLDAGERCDKVSETLATAALSCAHLTGGLAVAKLEEARQALSSLVLESYEAHRDAFFQNPTTPDHLGEGTRVAYLFVRERLGVPLHRGLVEHPVANDPSGNMIEGRPKKTIGSWVSTIYEAVRDGSLYGEMFRFLETVGQEKANGSNGDVLSKHHGGNGVVSVKQNGNHGPNGTNGANGANGANGANGSNGTNGTNGTNGTNGFNGSH,seq3.pdb
3,Tyrosine,N[C@@H](Cc1ccc(O)cc1)C(=O)O.O,MAITTLRVQRRSISVPIPEGSLKVTAVAVAPKSAPEPSPTPVQKTPLLSEFVESHKELESYRHGRPVMIDGQNLSIAAVTAASRYSAPVVLDNSPAIITRMDKSRDVITTKVDAGTSVYGVSTGFGGSAVTRTDQPLVLGNALLQLLQSGVLPSSSKPLDALPLLDPVASTTMPESWVRGAILIRMNSLIRGHSGVRMDLITKMNELLDADITPVVPLRGSISASGDLSPLSYVAGALTGNPSIRVFDGSRTFGAREICSSQDALKSHNIAPIALASKEHLGLLNGTAFSASVAALALNDAVHLALLAQVCTAMGTEALAGTRGSFDPFIHDVARPHPGQIESAKLIWDLLEGSTFATTSEDEVTIEEDEGILKQDRYPLRTSPQFIGPQIEDLLESLKTITIECNSNNPLVDGETGKIHNGGNFQAMAVTNAMEKTRLGLHHLGKLLFSQCTELVNPAMNRGLPPSLAATDPSLDYHCKGVDIASAAYVAELGYLANPVSTHIQSAEMHNQAVNSMALVSARATINSLEVLSMLTASYLYALCQALDLRALQKELIEGLNKIITEALSGSFGQSLSTAEHKLLVTKISNAMQDTLEATSTMDAADRMQKVAASSTTILVDFFTGPAAFDDMASLGSTLACIPEFRSAIASQATALLDTLRREYLSGGRGAAPASRYLNKTRPVYEFVRETLGVKMHGSENYTRFAKGMYVDDQSVGQNVSLIHEAIRDVHVEDMASLLDDKVVIVGAGCFGVSTAYHLLKRGFTDITILDRSPTLPAPDAASNDMNRIVRSSYSDIFYSKLAREAITAWKDRNEWRDTYQEYAASNHPGHPATKLIAHLRSGVLVLGLSENKAYADAAYQNDVVLGATLTHLSNAEAIRASLPKVPTATFEGNTGYLNMEGGWADAGQGVAIMIETVVSHGCKVLPGKPVRRVSRNKDGKTNGVVCEDGTFYAAATIVIATGSWTPSTFPDISPSHTTGLSTGRQCIAMIQLNEEEAALYKDVPVILDFRTGFYIFPPTSKGIIKMAMHLAGYTHTKGGVSTPRTITDSPSRGLLIPKHNVRELRTQLRNIYPKLAEKPFSATRLCWYNDSPDGNWIIGRVPEDSSLILATAGSGHAYKFLPVIGRLVADTVDGTIQPNVAAKFSIARSYIGADESRPGMPIAELDLDQLCMPEDLQANSLSRF,seq4.pdb
4,Tyrosine,N[C@@H](Cc1ccc(O)cc1)C(=O)O.O,MPESWVRGAILVRANSLIRGHSGVRWELVEKMIELLRSNITPLVPLRGSISASGDLSPLSYIAGTLIGNPSIRVFDGPSVFGARQIVSSRDALAKHNIAPIPLAAKEHLGVLNGTAFSASIAALALNDAAHLAMLAQICTAMGTEALLGERGNYHYFIHEVARPHPGQVEAARTIWDLLEGSQFAHAEEKEVTIEEDDGELRQDRYPLRTAPQFLGPQIEDIISALNTVTLECNSTTDNPLFDGETGDVHHGGNFQAMAVTNAMEKTRLALHHIGKLLFAQSTELINPTMNRGLPPSLAASDPSLNYHTKGLDIAVAAYVGELGYLASPVSTHIQSAEMHNQAVNSLALISARATVNSLEVLSLLTSTYLYLICQALDLRAMQFEFRRGLAEIVDEELRTHFGASLAPSDASSILRKVSSIMFKTLDHTSTMDAIPRMAAVSSASSSVLVEYFTSSAAVEVTALSALPAFRGAVSSRAVQLLNTLRTDYLTGARGPAPASAYLNKTRPIYEFVRVTLGIGMHGKENLDLFSEGLGVQDVTIGQNVSLIHERGFTDVTAIDRSEVLPAPDAASTDINKIVRTSYSDRFYTQLAHDSIQCWKDIEEWGDTYHECGMKGFLNRDGGWAFAAQGITKMTERVLSMGGKVIGGKGARGLSKVGGRTTGVKCSDGTIMSADLVVIASGSWTASSFTDLGLETSCLATGQSVATIDLTPDEADRYRKCPVILDFATGFYMFPPNSENIMKMAIHAVGHTNYASNNTSKNISTPRTILSHDKEGLLIPKAIARLLRKQMSQIYPELAHKPFSSTRLCWYTDSPDGDWVIGYYPSDAGLVLATAGSGHAYKFLPVLGRLVADSIQGTLDESIAQKFSPNRSYAKHDPSRSRAAITDLASEQLCTAEDLLPQ,seq5.pdb
5,Tyrosine,N[C@@H](Cc1ccc(O)cc1)C(=O)O.O,MVMLSAETRTGIQRRRSSAATLPFGDGIIKVQTSKALKPMSTLPAELPLLQFFMDSNTELEDYKCGKYVTVDGKTLSIAAIVAASRQGTSVQLDQSPRTKEKVDQSRKTIADKVDNGISVYGVSTGFGGSADTRTDSPLALGHALLQMQHAGVLPSSTKTLDILPLLDPMGSVMPEAWVRAAMLVRMNSLIRGHSGVRWELIERMNQVLSANIIPVVPLRGSISASGDLSPLSYIAGTLCGNPSIRVFDGPSVFGFRQMVSSREALARHHIAPIPLASKEHLGILNGTAFSAAVASLALDDAVKLTLLSHVLTAMGVEALCGTRGSFDPFIHDVARPHPGQIESAKLIWNLLESSQFAVLKEEEVTIEEDEGTLRQDRYSLRTAPQFLGPQIEDLLASLATVTKECNSTTDNPLVDGTTGHVHHGGNFQAMAVTNAMEKTRLSLHHIGKLMFAQCAELMDPSMNRGLPPSLASTDPSLNYHAKGIDIATAAYVSELGYLASPVSTHIQSAEMHNQAVNSLALISTRQTLTSLDVLSILMSSYLYVICQALDLRALQHEFLIGLASICHEEVLASFGSVLPPSEFSVVEQHVRKAAIATFEKTSTLDLHERMHKVAASSTTVLVDFLTCSVNADAASSLVHIPEFRRRFSEKMALLMVDLREAYLFGKRGPAPASPYLTKTKPVYEFVRLTLGIRMHGSENYNRFVNGHGVDESTVAKDASSNDINRIVRTSYTDPFYAKLAKEAIKSWKEDVDIWGDSYHESGVLLIAGKYADEAYLNEVQQGLRLTQFERFSMVHQSFPSNVAVYLPEDTKGYLNHDNGWVDAGKATFLLTKKVIALGGKLILGKRATRLLRKGGITEAVECHDGTVVGASLVVIAAGPWSPSIFPELEYKDKSLATGQCVAMVQLSQEEADIYRNVPVVLNYSTGFYCFPPTKDNIVKIAIHAPGFTHTIDNISIPRTVTTHPEDGLFIPKAFAQRLRDEFAAVYPELAKKAFSSTRLCWYNDSPDGDWIIGRHPIDSSILFATGGSGHAFKFLPVIGRIVADAIQGTLDSLVAEKFAYDREITHVDGSRDGTGMLGRTLGGARGEGEKGVE,seq6.pdb
6,Tyrosine,N[C@@H](Cc1ccc(O)cc1)C(=O)O.O,MTIFSADTFSITRPHSNSLSTLKVIATPVTESPPSPVASSTSPNATNLVEEFINAHKELQSYKSGRPVVLDGHTLSIAAVAAAARYDAGVELDDSPLVKDRLLQSRQVVADKVEQGTSIYGVTTGFGGSADTRTDQPILLGNALMQMQHSGILPSSSKPLDALPLQDPFGLAMPESWVRGAMLIRMNSLIRGHSGVRWELVEKMNDLLRANITPVVPLRGSISASGDLQPLSYVAGALYGNPSIRVFDGERTSAFGPRKVVSSVEALEAHNLSPISLACKEHLGILNGTAFSASVAALALHDAVHLTLLTQVLTAMGTEALAGTRGNFDPFIHAVARPHPGQVETADVIWNLLEGSKFATTEEEEVTIDEDKGHLRQDRYPLRTSPQFIGPQVEDLIASLATITLECNSTTDNPLVDGETGKVHNGGNFQAMAVTNAMEKTRLSLHHLGKLVFSQCAELINPTMNRGLPPSLAATDPSLNYHAKGIDIASAAYVAELGYLANPVSTHIQSAEMHNQAINSMALVSGRATITSLEVLSLLIASYLYAICQALDLRALQHELYEGLDAIVKEEIIAAFSPFLHDYEITRFTAISCHIVRDAMDSTSTMDAKDRMTSVAASLTTPLVDFLTGEAFSDVVSVGQALTSIPAFRARIAARGYELLDELRRAYLSGGRGLAPASRFLNKTRPVYEFVRLTLGIKMHGVENYNDFETGVGVDDVTTGQNVSLIHETDDKILIVGAGCFGLSTASHLLDRGFKDITILDKAASLPATDAASYDLNKIVRTSYDDVFYTKLAQEAIAQWKTEEWGDTYHECGVLVLGHSDDKHSYSSQSYVNDISIGARVAVVENSTEIRNKGMFPDGVRVASLQNTAGYLNYDGGWANAAQGVELLTSRIRARGGKFVPGKEVYKLVGNPEDGRTKGVECRDGSMYDADLVIIATGAWTASAFPQLRLKEKCLATGQSVATIQLTAEEAEIYRRCPVVLNFSTGFYVFPPNQDNVVKMAMHAAGYTYVPQDTPSPSNDLGISTPRTISNANENGLRIPKVVLAQLRAHLREVYPDLAEKPFLGTRLCWYNDSPDGDWVIGFHSDDPAVLLATAGSGHAYKFFPVIGKLVADAIEGKLDPLLASKFAVDRRHSDVDQSRYGQTVEALHLDSLCTPEDLRP,seq7.pdb
7,Tyrosine,N[C@@H](Cc1ccc(O)cc1)C(=O)O.O,MAPPERAGKSVFLGNIPYNLTEEQVKDILSSAGTVTKFRLMMNPETGKPKGYGFADFADADAAASAVRNLNDYEVMGRKIRVDWPHNNEKDSIPPDYSQTSQVPGQDGQMGAQQSSAPLPPLPPGVDLPPHLDCPNAISQTLSSLPPNQLLDVLSQMKSLVMADPARATELLRQAPQLAYAIFQALLLMNLVDYSTLGTVVEQAAQSQSAAAAPPAAQPFQPFSAVPGPVSTPPQPQQQVPGQDELLQQVLSMPQSAIDALPPMERSQIMLLRQQLMQGAMRYGCIPKITTDPAVLEKIEASVQVLRDHLDKGYHVYGVNTGFGGSADSRTDQVVALQSGLSQLLQAGVLVASDKDTNVDLERQVRLDSHAVPVPWVRAAMLVRCNSNARGHSAVTLSVMKSILQLLESRITPVVPLRGSISASGDLIPLSYIAGAIEGNPDVHVHVQKSHKSQIMSSRDALLSAGMEPQVLGPKEGLGLVNGTSFSAALSSLVMYETHQLVVLVQAISAVALEALMGNAESFHPFISAIRPHDGQMECARNILSFLQGSRLAQGIQSVKTHTRQGLMQDRYALRCVPQWVGPQLEDLLLAHKQVTVELNSTTDNPLIDPETGDILHGGNFQAVSVTSAMEKTRSCLQMFGRLLFSQSTELVDPSLNNGLPTNLVADDPSLSFTMKGVDISMASYMAELAYLANPVSSHVQAAEMRNQSINSMAFVSSRYTMQAVEIVSLMCACSLYIGCQALDLRVLHLTYLDNIKPQLHLLTSDLFSSYLSDQELATLTESLWENISKSWSTTTRQGIPERVQVAVKNAIPTLLDTLKEKRGPGLSDLNRWETQAADLLNKTYQNTADTFFNQQNTEEFLGAGAKILYRTVRQDLNVPFHLGFVEHPTVNNETLNGRSKKTIGSWISIIYEAIRDGRLMGPFMESLASKSSSADDSLTKIRSLRMSRL,seq8.pdb
8,pNP-β-GlcA,O.O=C(O)C1OC(Oc2ccc([N+](=O)[O-])cc2)C(O)C(O)C1O,MSRTPRVGLRTAVATAAAAPLVLTLAVGAGAATTPPGDLEQPELEARVKEIIEVDGYQFRDLNDNGELDPYEDWRLPTPERVADLVGQMSLVEKSGLMLINTLNAACDPQTGEFGVLPAQADNYINTQHMHRFVFRNVVDVRAEGVECTGTGTPVVSPAEAATFTNAVQEMSEATRLGIPSLFKSNARNHIDPDARVGINEAAGAFSAFPKEAGIAAAALGEQARRTGEATTGDMSVVADFADVMGEEWASIGLRGMYGYMADLSTEPRWYRTHETFTEDAYLAAEIMETLVQTLQGEELTDNGLALSPQTRVALTLKHFPGGGPQELGLDPHYAFGKAQVYPAGRFEEHFLPFQAAIDAGVSSIMPYYGVPVDVPVVGGEPGETYPHTGFAFSDSIVNGLLRDQLGFTGYVNSDTGIINDRAWGLEGNTVPERVAAAINGGTDTLSGFSDVSVITDLYEADLISEERIDLAAERLLEPLFDMGLFENPYVDPDVATATVGADDHRAVGLDLQRKSLVLLQNEETDEGPVLPLKEGGDVYILGDFTEETVESYGYEVTNGNVAEGEERPSAAGSDYVLISMTAKTNAGDYVSDDPSLGLNPDHGTNPSVIIGDDGEPLPGLDGQSLWGAADVCVHKEGHEENPSCTDNRLRFGGAYPWESSILDFTGMEAAESWEVVPSLETIQEVMAEVEDPSKVILHVYFRQPYVLDEESGLRDAGAILAGFGMTDTALMDVLTGAYAPQGKLPFALAGTREAIIEQDSDRPGYDETEDGALYPFGYGLTYEDDTEEPTTPEPEPTTSPDDETPGDDRTPGDDQTPGDDETPADDDETPGDTTDDESPAAGADSGNLARTGAPVTALALVAVAALVLGTALLIQRRFARTQG,seq9.pdb
9,pNP-β-Glc,O.O=[N+]([O-])c1ccc(O[C@@H]2O[C@H](CO)[C@@H](O)[C@H](O)[C@H]2O)cc1,MSRTPRVGLRTAVATAAAAPLVLTLAVGAGAATTPPGDLEQPELEARVKEIIEVDGYQFRDLNDNGELDPYEDWRLPTPERVADLVGQMSLVEKSGLMLINTLNAACDPQTGEFGVLPAQADNYINTQHMHRFVFRNVVDVRAEGVECTGTGTPVVSPAEAATFTNAVQEMSEATRLGIPSLFKSNARNHIDPDARVGINEAAGAFSAFPKEAGIAAAALGEQARRTGEATTGDMSVVADFADVMGEEWASIGLRGMYGYMADLSTEPRWYRTHETFTEDAYLAAEIMETLVQTLQGEELTDNGLALSPQTRVALTLKHFPGGGPQELGLDPHYAFGKAQVYPAGRFEEHFLPFQAAIDAGVSSIMPYYGVPVDVPVVGGEPGETYPHTGFAFSDSIVNGLLRDQLGFTGYVNSDTGIINDRAWGLEGNTVPERVAAAINGGTDTLSGFSDVSVITDLYEADLISEERIDLAAERLLEPLFDMGLFENPYVDPDVATATVGADDHRAVGLDLQRKSLVLLQNEETDEGPVLPLKEGGDVYILGDFTEETVESYGYEVTNGNVAEGEERPSAAGSDYVLISMTAKTNAGDYVSDDPSLGLNPDHGTNPSVIIGDDGEPLPGLDGQSLWGAADVCVHKEGHEENPSCTDNRLRFGGAYPWESSILDFTGMEAAESWEVVPSLETIQEVMAEVEDPSKVILHVYFRQPYVLDEESGLRDAGAILAGFGMTDTALMDVLTGAYAPQGKLPFALAGTREAIIEQDSDRPGYDETEDGALYPFGYGLTYEDDTEEPTTPEPEPTTSPDDETPGDDRTPGDDQTPGDDETPADDDETPGDTTDDESPAAGADSGNLARTGAPVTALALVAVAALVLGTALLIQRRFARTQG,seq9.pdb
10,pNP-β-GalA,O.O=C(O)[C@H]1O[C@@H](Oc2ccc([N+](=O)[O-])cc2)[C@H](O)[C@@H](O)[C@H]1O,MSRTPRVGLRTAVATAAAAPLVLTLAVGAGAATTPPGDLEQPELEARVKEIIEVDGYQFRDLNDNGELDPYEDWRLPTPERVADLVGQMSLVEKSGLMLINTLNAACDPQTGEFGVLPAQADNYINTQHMHRFVFRNVVDVRAEGVECTGTGTPVVSPAEAATFTNAVQEMSEATRLGIPSLFKSNARNHIDPDARVGINEAAGAFSAFPKEAGIAAAALGEQARRTGEATTGDMSVVADFADVMGEEWASIGLRGMYGYMADLSTEPRWYRTHETFTEDAYLAAEIMETLVQTLQGEELTDNGLALSPQTRVALTLKHFPGGGPQELGLDPHYAFGKAQVYPAGRFEEHFLPFQAAIDAGVSSIMPYYGVPVDVPVVGGEPGETYPHTGFAFSDSIVNGLLRDQLGFTGYVNSDTGIINDRAWGLEGNTVPERVAAAINGGTDTLSGFSDVSVITDLYEADLISEERIDLAAERLLEPLFDMGLFENPYVDPDVATATVGADDHRAVGLDLQRKSLVLLQNEETDEGPVLPLKEGGDVYILGDFTEETVESYGYEVTNGNVAEGEERPSAAGSDYVLISMTAKTNAGDYVSDDPSLGLNPDHGTNPSVIIGDDGEPLPGLDGQSLWGAADVCVHKEGHEENPSCTDNRLRFGGAYPWESSILDFTGMEAAESWEVVPSLETIQEVMAEVEDPSKVILHVYFRQPYVLDEESGLRDAGAILAGFGMTDTALMDVLTGAYAPQGKLPFALAGTREAIIEQDSDRPGYDETEDGALYPFGYGLTYEDDTEEPTTPEPEPTTSPDDETPGDDRTPGDDQTPGDDETPADDDETPGDTTDDESPAAGADSGNLARTGAPVTALALVAVAALVLGTALLIQRRFARTQG,seq9.pdb
11,pNP-β-Gal,O.O=[N+]([O-])c1ccc(O[C@@H]2O[C@H](CO)[C@@H](O)[C@H](O)[C@H]2O)cc1,MSRTPRVGLRTAVATAAAAPLVLTLAVGAGAATTPPGDLEQPELEARVKEIIEVDGYQFRDLNDNGELDPYEDWRLPTPERVADLVGQMSLVEKSGLMLINTLNAACDPQTGEFGVLPAQADNYINTQHMHRFVFRNVVDVRAEGVECTGTGTPVVSPAEAATFTNAVQEMSEATRLGIPSLFKSNARNHIDPDARVGINEAAGAFSAFPKEAGIAAAALGEQARRTGEATTGDMSVVADFADVMGEEWASIGLRGMYGYMADLSTEPRWYRTHETFTEDAYLAAEIMETLVQTLQGEELTDNGLALSPQTRVALTLKHFPGGGPQELGLDPHYAFGKAQVYPAGRFEEHFLPFQAAIDAGVSSIMPYYGVPVDVPVVGGEPGETYPHTGFAFSDSIVNGLLRDQLGFTGYVNSDTGIINDRAWGLEGNTVPERVAAAINGGTDTLSGFSDVSVITDLYEADLISEERIDLAAERLLEPLFDMGLFENPYVDPDVATATVGADDHRAVGLDLQRKSLVLLQNEETDEGPVLPLKEGGDVYILGDFTEETVESYGYEVTNGNVAEGEERPSAAGSDYVLISMTAKTNAGDYVSDDPSLGLNPDHGTNPSVIIGDDGEPLPGLDGQSLWGAADVCVHKEGHEENPSCTDNRLRFGGAYPWESSILDFTGMEAAESWEVVPSLETIQEVMAEVEDPSKVILHVYFRQPYVLDEESGLRDAGAILAGFGMTDTALMDVLTGAYAPQGKLPFALAGTREAIIEQDSDRPGYDETEDGALYPFGYGLTYEDDTEEPTTPEPEPTTSPDDETPGDDRTPGDDQTPGDDETPADDDETPGDTTDDESPAAGADSGNLARTGAPVTALALVAVAALVLGTALLIQRRFARTQG,seq9.pdb
12,pNP-β-Xyl,O.O=[N+]([O-])c1ccc(O[C@@H]2OC[C@@H](O)[C@H](O)[C@H]2O)cc1,MSRTPRVGLRTAVATAAAAPLVLTLAVGAGAATTPPGDLEQPELEARVKEIIEVDGYQFRDLNDNGELDPYEDWRLPTPERVADLVGQMSLVEKSGLMLINTLNAACDPQTGEFGVLPAQADNYINTQHMHRFVFRNVVDVRAEGVECTGTGTPVVSPAEAATFTNAVQEMSEATRLGIPSLFKSNARNHIDPDARVGINEAAGAFSAFPKEAGIAAAALGEQARRTGEATTGDMSVVADFADVMGEEWASIGLRGMYGYMADLSTEPRWYRTHETFTEDAYLAAEIMETLVQTLQGEELTDNGLALSPQTRVALTLKHFPGGGPQELGLDPHYAFGKAQVYPAGRFEEHFLPFQAAIDAGVSSIMPYYGVPVDVPVVGGEPGETYPHTGFAFSDSIVNGLLRDQLGFTGYVNSDTGIINDRAWGLEGNTVPERVAAAINGGTDTLSGFSDVSVITDLYEADLISEERIDLAAERLLEPLFDMGLFENPYVDPDVATATVGADDHRAVGLDLQRKSLVLLQNEETDEGPVLPLKEGGDVYILGDFTEETVESYGYEVTNGNVAEGEERPSAAGSDYVLISMTAKTNAGDYVSDDPSLGLNPDHGTNPSVIIGDDGEPLPGLDGQSLWGAADVCVHKEGHEENPSCTDNRLRFGGAYPWESSILDFTGMEAAESWEVVPSLETIQEVMAEVEDPSKVILHVYFRQPYVLDEESGLRDAGAILAGFGMTDTALMDVLTGAYAPQGKLPFALAGTREAIIEQDSDRPGYDETEDGALYPFGYGLTYEDDTEEPTTPEPEPTTSPDDETPGDDRTPGDDQTPGDDETPADDDETPGDTTDDESPAAGADSGNLARTGAPVTALALVAVAALVLGTALLIQRRFARTQG,seq9.pdb
13,pNP-α-Araf,O.O=[N+]([O-])c1ccc(O[C@@H]2O[C@@H](CO)[C@H](O)[C@H]2O)cc1,MSRTPRVGLRTAVATAAAAPLVLTLAVGAGAATTPPGDLEQPELEARVKEIIEVDGYQFRDLNDNGELDPYEDWRLPTPERVADLVGQMSLVEKSGLMLINTLNAACDPQTGEFGVLPAQADNYINTQHMHRFVFRNVVDVRAEGVECTGTGTPVVSPAEAATFTNAVQEMSEATRLGIPSLFKSNARNHIDPDARVGINEAAGAFSAFPKEAGIAAAALGEQARRTGEATTGDMSVVADFADVMGEEWASIGLRGMYGYMADLSTEPRWYRTHETFTEDAYLAAEIMETLVQTLQGEELTDNGLALSPQTRVALTLKHFPGGGPQELGLDPHYAFGKAQVYPAGRFEEHFLPFQAAIDAGVSSIMPYYGVPVDVPVVGGEPGETYPHTGFAFSDSIVNGLLRDQLGFTGYVNSDTGIINDRAWGLEGNTVPERVAAAINGGTDTLSGFSDVSVITDLYEADLISEERIDLAAERLLEPLFDMGLFENPYVDPDVATATVGADDHRAVGLDLQRKSLVLLQNEETDEGPVLPLKEGGDVYILGDFTEETVESYGYEVTNGNVAEGEERPSAAGSDYVLISMTAKTNAGDYVSDDPSLGLNPDHGTNPSVIIGDDGEPLPGLDGQSLWGAADVCVHKEGHEENPSCTDNRLRFGGAYPWESSILDFTGMEAAESWEVVPSLETIQEVMAEVEDPSKVILHVYFRQPYVLDEESGLRDAGAILAGFGMTDTALMDVLTGAYAPQGKLPFALAGTREAIIEQDSDRPGYDETEDGALYPFGYGLTYEDDTEEPTTPEPEPTTSPDDETPGDDRTPGDDQTPGDDETPADDDETPGDTTDDESPAAGADSGNLARTGAPVTALALVAVAALVLGTALLIQRRFARTQG,seq9.pdb
