Substrate,SMILES,sequence,pdbpath
Tyrosine,C1=CC(=CC=C1C[C@@H](C(=O)O)N)O.O,MTQQRQVASGSPHTVLAQQLISPLLLNHTNSKNPVTVVTIDGHSLSIEQLIRSTLGVGLGQKTLSAQPASTTTKNAVEFQLTNDRETIDRINESLQFMRARTGESTYGVTTGFGAAATTRTRHVQELQVSIVEHLLAGITGVDLSQLANQLKAPIHPSQPLTPNVMPESIVRAAILIRVNSLTRGHSAVRLELLHGLLSLLNLSITPVVPLRGTISASGDLAPLAYVAGALCAHPDVYVIDRSLKEPKVLSSAECLKAHGITPLVLGPKEGLAIANGTAFSAAAASMAMFQAHTLGLLSQVLTAMTVEAMVGQIGAFHPFIHQTARPHAGQIEVAKNIYRLLQTSQLLESHDEMADHDLDRERSKQILRQDRYPLRTAPQWIGPQLEDLLVAHQAIAKELNSTTDNPLVDVENGILHHGGNFQATSVATSMEKTRLAIAAIGKIIFAQVTELNNSFMNKGLPSCLNGHEPSTNYHTKGLDTSCAAYCAELQYLAGPVTTHVQSAEGHNQSINSLAFISARKTLEAIEILKMLMASHLYCLCQALDLRVLEIRLKNKLSGIFSETVEQNFGAQLSKKRMDAVVDKMIDRFWFRREMTASLDTKERVRDGLEGCVAVVMEAYELEKKQMPVGAMASFLSSSADMIAACLEGLRAEGIDHKTVDFLGGTRPLYEFVRNSLGIRARRGDVVEGTPGPTIGGMVNKIFRSLQFELLPTDQPQQFLQVLLSLFESPPAIHGDSNSKDSLCFLSPLAELDNFLNTNIFSTPFACAVSVPPVSFFLFFVLLPLALSQSSPSQLRSPSVSSFTLSTPLLFFLPPQDPPSLHYVTLNLCSSPTSQPIDFQFNNILIVSNSSDNKTSSPDQLPARSKKSIISHQSSSGDYSDLRGGFASVSLVNSVGLWISIQSPNLTKSWDFQLGVSKETPLHALNGFPAFKLDDTDDTNALMTAADPSLFQPLTDKTPLSLQQFVPMILPTPDTLQIGLSGSLCYLQSLVAAQSQDFKTHVAQLSITSSLTTRTTGAGSFSSQPTGNATDHDYRISDQAAGLRTQYLINNLRPALNYSAWLFQPGPLVDNVQTGKLWPYINFRTKISKNCRLVHDLPFCPSVAYAVPSSPSQTTSSLIDMYNQTVSVHLANFRTVVSTYPCNNDTSGRYSFVTGCGDCLRAYTDWVCAVGMPRCTDAPARPVVAAAATETQVVFTRTEPSASRTPNMTDKSVYPYAELPPCASLCTLVAATCPPLIGWTCPLPGVSLGSSYRDSRPLSPLELSGGHQSLAGFGGDRAQDRFGNVFCNALESDIVYARMGSASPLRISVQTLASLLVAQSFFFFFFLLA,seq1.pdb
Tyrosine,C1=CC(=CC=C1C[C@@H](C(=O)O)N)O.O,MVIRCNSLLRGHSAIRLSVLETLIKLINLNITPVVPLRGSISASGDLSPLSYIAGALTGHPDVKVHVVKDGKEEIMAAPEALALHGIQPVTLEAKEGLAILNGTAVSASAAALVLHDAHFLNLLSQATTALTVEAMVGHVGSFHPFIHDEARPHPTQIEVAKNLRTLLEGSSFAVQDEEEVDVKADEGTLRQDRYPLRCSAQWLGPLTSDLLHAHSVITTELNSTTDNPLIDVALGRVHHGGGFMAMAVTNVAEKTRLGLQQIGKMSFAQLTEVLNCSMSRGLPSCLAAEDPSTNYHAKGCDIAAAAYTSELGYLANPVVSPSEQGDDLRLRRSQADAPPSCSVQPAEMANQAINSLALISARKTAEANDVLSLLLATHLYCVLQAIDLRAIEFEFKKLFDPTLVTSLKQHMGAFLSTDAEVDSLATKVKKALNKRLEQTATYDLVPRWHDAFSSATGVVVEHLAASPAAAATGSANPLVALHEWKLSSAQTAIALTRQVREQFWTTPSSQAPALHYLGRTKALYSFVRDEVGVKARRGDVFVGKPEATIGSSVSKIYEAIKSGAINEVLIGMLDA,seq2.pdb
Tyrosine,C1=CC(=CC=C1C[C@@H](C(=O)O)N)O.O,MGKATGHLKYDVHQQWPTPHVNKALESWARATELVKTGSVIIDGESLDIASVVALARYGCGVSIKRSAEIQDRINASVDTLQGYLANGYFLYGVNTGFGGSADTRTKDLLGLQRALMQHTQSAILTAQDRSDSQSSHEYLESHSMPSAWTRATMLLRCNTNIRGHSAMTANVVDTMIRLLQHDIVPIVPLRGSISASGDLMPLSYISGAIQGNPDVYVRVGGNRGFHKTMTAEQALRGASIEPVVLGPKEGLSLINGTAAAAAVATLGLYEANQLAVISQLLTALSSEALYANNEWAHPFIAAVRPHTGQIEAAQNIRNFLWGSKLIYGLEQTKDRFKSGLAQERYALRSSPQWLSPLLEDLMSAERQLTVEINSTTDNPVVNVSDNDIHCGANFQAAAVTSATEKIRLALQSIGKMLFSQTTEMINHDLSNGLPPNLAADDPSLSFCLKGIDVNTAAYTSELGFLANPVSNHVQSAEMHNQAINSLGLLSARQTMNAVEVLSLIVANCLYTGCQGVDLRTLHRTFLAQVQEPVRKLVSALVDDDEEKASSLFKAQWNLFEEAWYDYSYLDAGERCDKVSETLATAALSCAHLTGGLAVAKLEEARQALSSLVLESYEAHRDAFFQNPTTPDHLGEGTRVAYLFVRERLGVPLHRGLVEHPVANDPSGNMIEGRPKKTIGSWVSTIYEAVRDGSLYGEMFRFLETVGQEKANGSNGDVLSKHHGGNGVVSVKQNGNHGPNGTNGANGANGANGANGSNGTNGTNGTNGTNGFNGSH,seq3.pdb
Tyrosine,C1=CC(=CC=C1C[C@@H](C(=O)O)N)O.O,MAITTLRVQRRSISVPIPEGSLKVTAVAVAPKSAPEPSPTPVQKTPLLSEFVESHKELESYRHGRPVMIDGQNLSIAAVTAASRYSAPVVLDNSPAIITRMDKSRDVITTKVDAGTSVYGVSTGFGGSAVTRTDQPLVLGNALLQLLQSGVLPSSSKPLDALPLLDPVASTTMPESWVRGAILIRMNSLIRGHSGVRMDLITKMNELLDADITPVVPLRGSISASGDLSPLSYVAGALTGNPSIRVFDGSRTFGAREICSSQDALKSHNIAPIALASKEHLGLLNGTAFSASVAALALNDAVHLALLAQVCTAMGTEALAGTRGSFDPFIHDVARPHPGQIESAKLIWDLLEGSTFATTSEDEVTIEEDEGILKQDRYPLRTSPQFIGPQIEDLLESLKTITIECNSNNPLVDGETGKIHNGGNFQAMAVTNAMEKTRLGLHHLGKLLFSQCTELVNPAMNRGLPPSLAATDPSLDYHCKGVDIASAAYVAELGYLANPVSTHIQSAEMHNQAVNSMALVSARATINSLEVLSMLTASYLYALCQALDLRALQKELIEGLNKIITEALSGSFGQSLSTAEHKLLVTKISNAMQDTLEATSTMDAADRMQKVAASSTTILVDFFTGPAAFDDMASLGSTLACIPEFRSAIASQATALLDTLRREYLSGGRGAAPASRYLNKTRPVYEFVRETLGVKMHGSENYTRFAKGMYVDDQSVGQNVSLIHEAIRDVHVEDMASLLDDKVVIVGAGCFGVSTAYHLLKRGFTDITILDRSPTLPAPDAASNDMNRIVRSSYSDIFYSKLAREAITAWKDRNEWRDTYQEYAASNHPGHPATKLIAHLRSGVLVLGLSENKAYADAAYQNDVVLGATLTHLSNAEAIRASLPKVPTATFEGNTGYLNMEGGWADAGQGVAIMIETVVSHGCKVLPGKPVRRVSRNKDGKTNGVVCEDGTFYAAATIVIATGSWTPSTFPDISPSHTTGLSTGRQCIAMIQLNEEEAALYKDVPVILDFRTGFYIFPPTSKGIIKMAMHLAGYTHTKGGVSTPRTITDSPSRGLLIPKHNVRELRTQLRNIYPKLAEKPFSATRLCWYNDSPDGNWIIGRVPEDSSLILATAGSGHAYKFLPVIGRLVADTVDGTIQPNVAAKFSIARSYIGADESRPGMPIAELDLDQLCMPEDLQANSLSRF,seq4.pdb
Tyrosine,C1=CC(=CC=C1C[C@@H](C(=O)O)N)O.O,MPESWVRGAILVRANSLIRGHSGVRWELVEKMIELLRSNITPLVPLRGSISASGDLSPLSYIAGTLIGNPSIRVFDGPSVFGARQIVSSRDALAKHNIAPIPLAAKEHLGVLNGTAFSASIAALALNDAAHLAMLAQICTAMGTEALLGERGNYHYFIHEVARPHPGQVEAARTIWDLLEGSQFAHAEEKEVTIEEDDGELRQDRYPLRTAPQFLGPQIEDIISALNTVTLECNSTTDNPLFDGETGDVHHGGNFQAMAVTNAMEKTRLALHHIGKLLFAQSTELINPTMNRGLPPSLAASDPSLNYHTKGLDIAVAAYVGELGYLASPVSTHIQSAEMHNQAVNSLALISARATVNSLEVLSLLTSTYLYLICQALDLRAMQFEFRRGLAEIVDEELRTHFGASLAPSDASSILRKVSSIMFKTLDHTSTMDAIPRMAAVSSASSSVLVEYFTSSAAVEVTALSALPAFRGAVSSRAVQLLNTLRTDYLTGARGPAPASAYLNKTRPIYEFVRVTLGIGMHGKENLDLFSEGLGVQDVTIGQNVSLIHERGFTDVTAIDRSEVLPAPDAASTDINKIVRTSYSDRFYTQLAHDSIQCWKDIEEWGDTYHECGMKGFLNRDGGWAFAAQGITKMTERVLSMGGKVIGGKGARGLSKVGGRTTGVKCSDGTIMSADLVVIASGSWTASSFTDLGLETSCLATGQSVATIDLTPDEADRYRKCPVILDFATGFYMFPPNSENIMKMAIHAVGHTNYASNNTSKNISTPRTILSHDKEGLLIPKAIARLLRKQMSQIYPELAHKPFSSTRLCWYTDSPDGDWVIGYYPSDAGLVLATAGSGHAYKFLPVLGRLVADSIQGTLDESIAQKFSPNRSYAKHDPSRSRAAITDLASEQLCTAEDLLPQ,seq5.pdb
Tyrosine,C1=CC(=CC=C1C[C@@H](C(=O)O)N)O.O,MVMLSAETRTGIQRRRSSAATLPFGDGIIKVQTSKALKPMSTLPAELPLLQFFMDSNTELEDYKCGKYVTVDGKTLSIAAIVAASRQGTSVQLDQSPRTKEKVDQSRKTIADKVDNGISVYGVSTGFGGSADTRTDSPLALGHALLQMQHAGVLPSSTKTLDILPLLDPMGSVMPEAWVRAAMLVRMNSLIRGHSGVRWELIERMNQVLSANIIPVVPLRGSISASGDLSPLSYIAGTLCGNPSIRVFDGPSVFGFRQMVSSREALARHHIAPIPLASKEHLGILNGTAFSAAVASLALDDAVKLTLLSHVLTAMGVEALCGTRGSFDPFIHDVARPHPGQIESAKLIWNLLESSQFAVLKEEEVTIEEDEGTLRQDRYSLRTAPQFLGPQIEDLLASLATVTKECNSTTDNPLVDGTTGHVHHGGNFQAMAVTNAMEKTRLSLHHIGKLMFAQCAELMDPSMNRGLPPSLASTDPSLNYHAKGIDIATAAYVSELGYLASPVSTHIQSAEMHNQAVNSLALISTRQTLTSLDVLSILMSSYLYVICQALDLRALQHEFLIGLASICHEEVLASFGSVLPPSEFSVVEQHVRKAAIATFEKTSTLDLHERMHKVAASSTTVLVDFLTCSVNADAASSLVHIPEFRRRFSEKMALLMVDLREAYLFGKRGPAPASPYLTKTKPVYEFVRLTLGIRMHGSENYNRFVNGHGVDESTVAKDASSNDINRIVRTSYTDPFYAKLAKEAIKSWKEDVDIWGDSYHESGVLLIAGKYADEAYLNEVQQGLRLTQFERFSMVHQSFPSNVAVYLPEDTKGYLNHDNGWVDAGKATFLLTKKVIALGGKLILGKRATRLLRKGGITEAVECHDGTVVGASLVVIAAGPWSPSIFPELEYKDKSLATGQCVAMVQLSQEEADIYRNVPVVLNYSTGFYCFPPTKDNIVKIAIHAPGFTHTIDNISIPRTVTTHPEDGLFIPKAFAQRLRDEFAAVYPELAKKAFSSTRLCWYNDSPDGDWIIGRHPIDSSILFATGGSGHAFKFLPVIGRIVADAIQGTLDSLVAEKFAYDREITHVDGSRDGTGMLGRTLGGARGEGEKGVE,seq6.pdb
Tyrosine,C1=CC(=CC=C1C[C@@H](C(=O)O)N)O.O,MTIFSADTFSITRPHSNSLSTLKVIATPVTESPPSPVASSTSPNATNLVEEFINAHKELQSYKSGRPVVLDGHTLSIAAVAAAARYDAGVELDDSPLVKDRLLQSRQVVADKVEQGTSIYGVTTGFGGSADTRTDQPILLGNALMQMQHSGILPSSSKPLDALPLQDPFGLAMPESWVRGAMLIRMNSLIRGHSGVRWELVEKMNDLLRANITPVVPLRGSISASGDLQPLSYVAGALYGNPSIRVFDGERTSAFGPRKVVSSVEALEAHNLSPISLACKEHLGILNGTAFSASVAALALHDAVHLTLLTQVLTAMGTEALAGTRGNFDPFIHAVARPHPGQVETADVIWNLLEGSKFATTEEEEVTIDEDKGHLRQDRYPLRTSPQFIGPQVEDLIASLATITLECNSTTDNPLVDGETGKVHNGGNFQAMAVTNAMEKTRLSLHHLGKLVFSQCAELINPTMNRGLPPSLAATDPSLNYHAKGIDIASAAYVAELGYLANPVSTHIQSAEMHNQAINSMALVSGRATITSLEVLSLLIASYLYAICQALDLRALQHELYEGLDAIVKEEIIAAFSPFLHDYEITRFTAISCHIVRDAMDSTSTMDAKDRMTSVAASLTTPLVDFLTGEAFSDVVSVGQALTSIPAFRARIAARGYELLDELRRAYLSGGRGLAPASRFLNKTRPVYEFVRLTLGIKMHGVENYNDFETGVGVDDVTTGQNVSLIHETDDKILIVGAGCFGLSTASHLLDRGFKDITILDKAASLPATDAASYDLNKIVRTSYDDVFYTKLAQEAIAQWKTEEWGDTYHECGVLVLGHSDDKHSYSSQSYVNDISIGARVAVVENSTEIRNKGMFPDGVRVASLQNTAGYLNYDGGWANAAQGVELLTSRIRARGGKFVPGKEVYKLVGNPEDGRTKGVECRDGSMYDADLVIIATGAWTASAFPQLRLKEKCLATGQSVATIQLTAEEAEIYRRCPVVLNFSTGFYVFPPNQDNVVKMAMHAAGYTYVPQDTPSPSNDLGISTPRTISNANENGLRIPKVVLAQLRAHLREVYPDLAEKPFLGTRLCWYNDSPDGDWVIGFHSDDPAVLLATAGSGHAYKFFPVIGKLVADAIEGKLDPLLASKFAVDRRHSDVDQSRYGQTVEALHLDSLCTPEDLRP,seq7.pdb
Tyrosine,C1=CC(=CC=C1C[C@@H](C(=O)O)N)O.O,MAPPERAGKSVFLGNIPYNLTEEQVKDILSSAGTVTKFRLMMNPETGKPKGYGFADFADADAAASAVRNLNDYEVMGRKIRVDWPHNNEKDSIPPDYSQTSQVPGQDGQMGAQQSSAPLPPLPPGVDLPPHLDCPNAISQTLSSLPPNQLLDVLSQMKSLVMADPARATELLRQAPQLAYAIFQALLLMNLVDYSTLGTVVEQAAQSQSAAAAPPAAQPFQPFSAVPGPVSTPPQPQQQVPGQDELLQQVLSMPQSAIDALPPMERSQIMLLRQQLMQGAMRYGCIPKITTDPAVLEKIEASVQVLRDHLDKGYHVYGVNTGFGGSADSRTDQVVALQSGLSQLLQAGVLVASDKDTNVDLERQVRLDSHAVPVPWVRAAMLVRCNSNARGHSAVTLSVMKSILQLLESRITPVVPLRGSISASGDLIPLSYIAGAIEGNPDVHVHVQKSHKSQIMSSRDALLSAGMEPQVLGPKEGLGLVNGTSFSAALSSLVMYETHQLVVLVQAISAVALEALMGNAESFHPFISAIRPHDGQMECARNILSFLQGSRLAQGIQSVKTHTRQGLMQDRYALRCVPQWVGPQLEDLLLAHKQVTVELNSTTDNPLIDPETGDILHGGNFQAVSVTSAMEKTRSCLQMFGRLLFSQSTELVDPSLNNGLPTNLVADDPSLSFTMKGVDISMASYMAELAYLANPVSSHVQAAEMRNQSINSMAFVSSRYTMQAVEIVSLMCACSLYIGCQALDLRVLHLTYLDNIKPQLHLLTSDLFSSYLSDQELATLTESLWENISKSWSTTTRQGIPERVQVAVKNAIPTLLDTLKEKRGPGLSDLNRWETQAADLLNKTYQNTADTFFNQQNTEEFLGAGAKILYRTVRQDLNVPFHLGFVEHPTVNNETLNGRSKKTIGSWISIIYEAIRDGRLMGPFMESLASKSSSADDSLTKIRSLRMSRL,seq8.pdb
pNP-β-GlcA,C1=CC(=CC=C1[N+](=O)[O-])OC2C(C(C(C(O2)C(=O)O)O)O)O.O,MSRTPRVGLRTAVATAAAAPLVLTLAVGAGAATTPPGDLEQPELEARVKEIIEVDGYQFRDLNDNGELDPYEDWRLPTPERVADLVGQMSLVEKSGLMLINTLNAACDPQTGEFGVLPAQADNYINTQHMHRFVFRNVVDVRAEGVECTGTGTPVVSPAEAATFTNAVQEMSEATRLGIPSLFKSNARNHIDPDARVGINEAAGAFSAFPKEAGIAAAALGEQARRTGEATTGDMSVVADFADVMGEEWASIGLRGMYGYMADLSTEPRWYRTHETFTEDAYLAAEIMETLVQTLQGEELTDNGLALSPQTRVALTLKHFPGGGPQELGLDPHYAFGKAQVYPAGRFEEHFLPFQAAIDAGVSSIMPYYGVPVDVPVVGGEPGETYPHTGFAFSDSIVNGLLRDQLGFTGYVNSDTGIINDRAWGLEGNTVPERVAAAINGGTDTLSGFSDVSVITDLYEADLISEERIDLAAERLLEPLFDMGLFENPYVDPDVATATVGADDHRAVGLDLQRKSLVLLQNEETDEGPVLPLKEGGDVYILGDFTEETVESYGYEVTNGNVAEGEERPSAAGSDYVLISMTAKTNAGDYVSDDPSLGLNPDHGTNPSVIIGDDGEPLPGLDGQSLWGAADVCVHKEGHEENPSCTDNRLRFGGAYPWESSILDFTGMEAAESWEVVPSLETIQEVMAEVEDPSKVILHVYFRQPYVLDEESGLRDAGAILAGFGMTDTALMDVLTGAYAPQGKLPFALAGTREAIIEQDSDRPGYDETEDGALYPFGYGLTYEDDTEEPTTPEPEPTTSPDDETPGDDRTPGDDQTPGDDETPADDDETPGDTTDDESPAAGADSGNLARTGAPVTALALVAVAALVLGTALLIQRRFARTQG,seq9.pdb
pNP-β-Glc,C1=CC(=CC=C1[N+](=O)[O-])O[C@H]2[C@@H]([C@H]([C@@H]([C@H](O2)CO)O)O)O.O,MSRTPRVGLRTAVATAAAAPLVLTLAVGAGAATTPPGDLEQPELEARVKEIIEVDGYQFRDLNDNGELDPYEDWRLPTPERVADLVGQMSLVEKSGLMLINTLNAACDPQTGEFGVLPAQADNYINTQHMHRFVFRNVVDVRAEGVECTGTGTPVVSPAEAATFTNAVQEMSEATRLGIPSLFKSNARNHIDPDARVGINEAAGAFSAFPKEAGIAAAALGEQARRTGEATTGDMSVVADFADVMGEEWASIGLRGMYGYMADLSTEPRWYRTHETFTEDAYLAAEIMETLVQTLQGEELTDNGLALSPQTRVALTLKHFPGGGPQELGLDPHYAFGKAQVYPAGRFEEHFLPFQAAIDAGVSSIMPYYGVPVDVPVVGGEPGETYPHTGFAFSDSIVNGLLRDQLGFTGYVNSDTGIINDRAWGLEGNTVPERVAAAINGGTDTLSGFSDVSVITDLYEADLISEERIDLAAERLLEPLFDMGLFENPYVDPDVATATVGADDHRAVGLDLQRKSLVLLQNEETDEGPVLPLKEGGDVYILGDFTEETVESYGYEVTNGNVAEGEERPSAAGSDYVLISMTAKTNAGDYVSDDPSLGLNPDHGTNPSVIIGDDGEPLPGLDGQSLWGAADVCVHKEGHEENPSCTDNRLRFGGAYPWESSILDFTGMEAAESWEVVPSLETIQEVMAEVEDPSKVILHVYFRQPYVLDEESGLRDAGAILAGFGMTDTALMDVLTGAYAPQGKLPFALAGTREAIIEQDSDRPGYDETEDGALYPFGYGLTYEDDTEEPTTPEPEPTTSPDDETPGDDRTPGDDQTPGDDETPADDDETPGDTTDDESPAAGADSGNLARTGAPVTALALVAVAALVLGTALLIQRRFARTQG,seq9.pdb
pNP-β-GalA,C1=CC(=CC=C1[N+](=O)[O-])O[C@H]2[C@@H]([C@H]([C@H]([C@H](O2)C(=O)O)O)O)O.O,MSRTPRVGLRTAVATAAAAPLVLTLAVGAGAATTPPGDLEQPELEARVKEIIEVDGYQFRDLNDNGELDPYEDWRLPTPERVADLVGQMSLVEKSGLMLINTLNAACDPQTGEFGVLPAQADNYINTQHMHRFVFRNVVDVRAEGVECTGTGTPVVSPAEAATFTNAVQEMSEATRLGIPSLFKSNARNHIDPDARVGINEAAGAFSAFPKEAGIAAAALGEQARRTGEATTGDMSVVADFADVMGEEWASIGLRGMYGYMADLSTEPRWYRTHETFTEDAYLAAEIMETLVQTLQGEELTDNGLALSPQTRVALTLKHFPGGGPQELGLDPHYAFGKAQVYPAGRFEEHFLPFQAAIDAGVSSIMPYYGVPVDVPVVGGEPGETYPHTGFAFSDSIVNGLLRDQLGFTGYVNSDTGIINDRAWGLEGNTVPERVAAAINGGTDTLSGFSDVSVITDLYEADLISEERIDLAAERLLEPLFDMGLFENPYVDPDVATATVGADDHRAVGLDLQRKSLVLLQNEETDEGPVLPLKEGGDVYILGDFTEETVESYGYEVTNGNVAEGEERPSAAGSDYVLISMTAKTNAGDYVSDDPSLGLNPDHGTNPSVIIGDDGEPLPGLDGQSLWGAADVCVHKEGHEENPSCTDNRLRFGGAYPWESSILDFTGMEAAESWEVVPSLETIQEVMAEVEDPSKVILHVYFRQPYVLDEESGLRDAGAILAGFGMTDTALMDVLTGAYAPQGKLPFALAGTREAIIEQDSDRPGYDETEDGALYPFGYGLTYEDDTEEPTTPEPEPTTSPDDETPGDDRTPGDDQTPGDDETPADDDETPGDTTDDESPAAGADSGNLARTGAPVTALALVAVAALVLGTALLIQRRFARTQG,seq9.pdb
pNP-β-Gal,C1=CC(=CC=C1[N+](=O)[O-])O[C@H]2[C@@H]([C@H]([C@@H]([C@H](O2)CO)O)O)O.O,MSRTPRVGLRTAVATAAAAPLVLTLAVGAGAATTPPGDLEQPELEARVKEIIEVDGYQFRDLNDNGELDPYEDWRLPTPERVADLVGQMSLVEKSGLMLINTLNAACDPQTGEFGVLPAQADNYINTQHMHRFVFRNVVDVRAEGVECTGTGTPVVSPAEAATFTNAVQEMSEATRLGIPSLFKSNARNHIDPDARVGINEAAGAFSAFPKEAGIAAAALGEQARRTGEATTGDMSVVADFADVMGEEWASIGLRGMYGYMADLSTEPRWYRTHETFTEDAYLAAEIMETLVQTLQGEELTDNGLALSPQTRVALTLKHFPGGGPQELGLDPHYAFGKAQVYPAGRFEEHFLPFQAAIDAGVSSIMPYYGVPVDVPVVGGEPGETYPHTGFAFSDSIVNGLLRDQLGFTGYVNSDTGIINDRAWGLEGNTVPERVAAAINGGTDTLSGFSDVSVITDLYEADLISEERIDLAAERLLEPLFDMGLFENPYVDPDVATATVGADDHRAVGLDLQRKSLVLLQNEETDEGPVLPLKEGGDVYILGDFTEETVESYGYEVTNGNVAEGEERPSAAGSDYVLISMTAKTNAGDYVSDDPSLGLNPDHGTNPSVIIGDDGEPLPGLDGQSLWGAADVCVHKEGHEENPSCTDNRLRFGGAYPWESSILDFTGMEAAESWEVVPSLETIQEVMAEVEDPSKVILHVYFRQPYVLDEESGLRDAGAILAGFGMTDTALMDVLTGAYAPQGKLPFALAGTREAIIEQDSDRPGYDETEDGALYPFGYGLTYEDDTEEPTTPEPEPTTSPDDETPGDDRTPGDDQTPGDDETPADDDETPGDTTDDESPAAGADSGNLARTGAPVTALALVAVAALVLGTALLIQRRFARTQG,seq9.pdb
pNP-β-Xyl,O[C@@H]1CO[C@@H](Oc2ccc(cc2)[N+]([O-])=O)[C@H](O)[C@H]1O.O,MSRTPRVGLRTAVATAAAAPLVLTLAVGAGAATTPPGDLEQPELEARVKEIIEVDGYQFRDLNDNGELDPYEDWRLPTPERVADLVGQMSLVEKSGLMLINTLNAACDPQTGEFGVLPAQADNYINTQHMHRFVFRNVVDVRAEGVECTGTGTPVVSPAEAATFTNAVQEMSEATRLGIPSLFKSNARNHIDPDARVGINEAAGAFSAFPKEAGIAAAALGEQARRTGEATTGDMSVVADFADVMGEEWASIGLRGMYGYMADLSTEPRWYRTHETFTEDAYLAAEIMETLVQTLQGEELTDNGLALSPQTRVALTLKHFPGGGPQELGLDPHYAFGKAQVYPAGRFEEHFLPFQAAIDAGVSSIMPYYGVPVDVPVVGGEPGETYPHTGFAFSDSIVNGLLRDQLGFTGYVNSDTGIINDRAWGLEGNTVPERVAAAINGGTDTLSGFSDVSVITDLYEADLISEERIDLAAERLLEPLFDMGLFENPYVDPDVATATVGADDHRAVGLDLQRKSLVLLQNEETDEGPVLPLKEGGDVYILGDFTEETVESYGYEVTNGNVAEGEERPSAAGSDYVLISMTAKTNAGDYVSDDPSLGLNPDHGTNPSVIIGDDGEPLPGLDGQSLWGAADVCVHKEGHEENPSCTDNRLRFGGAYPWESSILDFTGMEAAESWEVVPSLETIQEVMAEVEDPSKVILHVYFRQPYVLDEESGLRDAGAILAGFGMTDTALMDVLTGAYAPQGKLPFALAGTREAIIEQDSDRPGYDETEDGALYPFGYGLTYEDDTEEPTTPEPEPTTSPDDETPGDDRTPGDDQTPGDDETPADDDETPGDTTDDESPAAGADSGNLARTGAPVTALALVAVAALVLGTALLIQRRFARTQG,seq9.pdb
pNP-α-Araf,C1=CC(=CC=C1[N+](=O)[O-])O[C@H]2[C@@H]([C@H]([C@@H](O2)CO)O)O.O,MSRTPRVGLRTAVATAAAAPLVLTLAVGAGAATTPPGDLEQPELEARVKEIIEVDGYQFRDLNDNGELDPYEDWRLPTPERVADLVGQMSLVEKSGLMLINTLNAACDPQTGEFGVLPAQADNYINTQHMHRFVFRNVVDVRAEGVECTGTGTPVVSPAEAATFTNAVQEMSEATRLGIPSLFKSNARNHIDPDARVGINEAAGAFSAFPKEAGIAAAALGEQARRTGEATTGDMSVVADFADVMGEEWASIGLRGMYGYMADLSTEPRWYRTHETFTEDAYLAAEIMETLVQTLQGEELTDNGLALSPQTRVALTLKHFPGGGPQELGLDPHYAFGKAQVYPAGRFEEHFLPFQAAIDAGVSSIMPYYGVPVDVPVVGGEPGETYPHTGFAFSDSIVNGLLRDQLGFTGYVNSDTGIINDRAWGLEGNTVPERVAAAINGGTDTLSGFSDVSVITDLYEADLISEERIDLAAERLLEPLFDMGLFENPYVDPDVATATVGADDHRAVGLDLQRKSLVLLQNEETDEGPVLPLKEGGDVYILGDFTEETVESYGYEVTNGNVAEGEERPSAAGSDYVLISMTAKTNAGDYVSDDPSLGLNPDHGTNPSVIIGDDGEPLPGLDGQSLWGAADVCVHKEGHEENPSCTDNRLRFGGAYPWESSILDFTGMEAAESWEVVPSLETIQEVMAEVEDPSKVILHVYFRQPYVLDEESGLRDAGAILAGFGMTDTALMDVLTGAYAPQGKLPFALAGTREAIIEQDSDRPGYDETEDGALYPFGYGLTYEDDTEEPTTPEPEPTTSPDDETPGDDRTPGDDQTPGDDETPADDDETPGDTTDDESPAAGADSGNLARTGAPVTALALVAVAALVLGTALLIQRRFARTQG,seq9.pdb


