,Unnamed: 0,Substrate,SMILES,sequence,pdbpath,log10kcat_max,log10kcat_max_mve_uncal_var,log10kcat_max_model_0,log10kcat_max_model_1,log10kcat_max_model_2,log10kcat_max_model_3,log10kcat_max_model_4,log10kcat_max_model_5,log10kcat_max_model_6,log10kcat_max_model_7,log10kcat_max_model_8,log10kcat_max_model_9,Prediction_(s^(-1)),Prediction_log10,SD_total,SD_aleatoric,SD_epistemic
0,0,Tyrosine,N[C@@H](Cc1ccc(O)cc1)C(=O)O.O,MTQQRQVASGSPHTVLAQQLISPLLLNHTNSKNPVTVVTIDGHSLSIEQLIRSTLGVGLGQKTLSAQPASTTTKNAVEFQLTNDRETIDRINESLQFMRARTGESTYGVTTGFGAAATTRTRHVQELQVSIVEHLLAGITGVDLSQLANQLKAPIHPSQPLTPNVMPESIVRAAILIRVNSLTRGHSAVRLELLHGLLSLLNLSITPVVPLRGTISASGDLAPLAYVAGALCAHPDVYVIDRSLKEPKVLSSAECLKAHGITPLVLGPKEGLAIANGTAFSAAAASMAMFQAHTLGLLSQVLTAMTVEAMVGQIGAFHPFIHQTARPHAGQIEVAKNIYRLLQTSQLLESHDEMADHDLDRERSKQILRQDRYPLRTAPQWIGPQLEDLLVAHQAIAKELNSTTDNPLVDVENGILHHGGNFQATSVATSMEKTRLAIAAIGKIIFAQVTELNNSFMNKGLPSCLNGHEPSTNYHTKGLDTSCAAYCAELQYLAGPVTTHVQSAEGHNQSINSLAFISARKTLEAIEILKMLMASHLYCLCQALDLRVLEIRLKNKLSGIFSETVEQNFGAQLSKKRMDAVVDKMIDRFWFRREMTASLDTKERVRDGLEGCVAVVMEAYELEKKQMPVGAMASFLSSSADMIAACLEGLRAEGIDHKTVDFLGGTRPLYEFVRNSLGIRARRGDVVEGTPGPTIGGMVNKIFRSLQFELLPTDQPQQFLQVLLSLFESPPAIHGDSNSKDSLCFLSPLAELDNFLNTNIFSTPFACAVSVPPVSFFLFFVLLPLALSQSSPSQLRSPSVSSFTLSTPLLFFLPPQDPPSLHYVTLNLCSSPTSQPIDFQFNNILIVSNSSDNKTSSPDQLPARSKKSIISHQSSSGDYSDLRGGFASVSLVNSVGLWISIQSPNLTKSWDFQLGVSKETPLHALNGFPAFKLDDTDDTNALMTAADPSLFQPLTDKTPLSLQQFVPMILPTPDTLQIGLSGSLCYLQSLVAAQSQDFKTHVAQLSITSSLTTRTTGAGSFSSQPTGNATDHDYRISDQAAGLRTQYLINNLRPALNYSAWLFQPGPLVDNVQTGKLWPYINFRTKISKNCRLVHDLPFCPSVAYAVPSSPSQTTSSLIDMYNQTVSVHLANFRTVVSTYPCNNDTSGRYSFVTGCGDCLRAYTDWVCAVGMPRCTDAPARPVVAAAATETQVVFTRTEPSASRTPNMTDKSVYPYAELPPCASLCTLVAATCPPLIGWTCPLPGVSLGSSYRDSRPLSPLELSGGHQSLAGFGGDRAQDRFGNVFCNALESDIVYARMGSASPLRISVQTLASLLVAQSFFFFFFLLA,seq1.pdb,0.1875500416063556,0.7859343444748373,1.0652974935721848,0.1944585441901755,1.308763666615131,-0.9420885031658804,-0.1432845338933969,0.2382235073493308,0.0872204005722081,-0.4524428147990508,0.3017628775011252,0.2175897781217293,1.5401039744040133,0.1875500416063556,0.8865293816196039,0.6332478761052363,0.6204284583117096
1,1,Tyrosine,N[C@@H](Cc1ccc(O)cc1)C(=O)O.O,MVIRCNSLLRGHSAIRLSVLETLIKLINLNITPVVPLRGSISASGDLSPLSYIAGALTGHPDVKVHVVKDGKEEIMAAPEALALHGIQPVTLEAKEGLAILNGTAVSASAAALVLHDAHFLNLLSQATTALTVEAMVGHVGSFHPFIHDEARPHPTQIEVAKNLRTLLEGSSFAVQDEEEVDVKADEGTLRQDRYPLRCSAQWLGPLTSDLLHAHSVITTELNSTTDNPLIDVALGRVHHGGGFMAMAVTNVAEKTRLGLQQIGKMSFAQLTEVLNCSMSRGLPSCLAAEDPSTNYHAKGCDIAAAAYTSELGYLANPVVSPSEQGDDLRLRRSQADAPPSCSVQPAEMANQAINSLALISARKTAEANDVLSLLLATHLYCVLQAIDLRAIEFEFKKLFDPTLVTSLKQHMGAFLSTDAEVDSLATKVKKALNKRLEQTATYDLVPRWHDAFSSATGVVVEHLAASPAAAATGSANPLVALHEWKLSSAQTAIALTRQVREQFWTTPSSQAPALHYLGRTKALYSFVRDEVGVKARRGDVFVGKPEATIGSSVSKIYEAIKSGAINEVLIGMLDA,seq2.pdb,0.3416351730975197,0.7352398466833341,1.1978261358027198,0.5722072247074775,0.0817561455272023,0.6038755366134689,0.2362287160986909,0.216007043817785,1.019055632286109,-1.4840326024276949,0.7151406591633118,0.2582872393861255,1.5401039744040133,0.1875500416063556,0.8865293816196039,0.6332478761052363,0.6204284583117096
2,2,Tyrosine,N[C@@H](Cc1ccc(O)cc1)C(=O)O.O,MGKATGHLKYDVHQQWPTPHVNKALESWARATELVKTGSVIIDGESLDIASVVALARYGCGVSIKRSAEIQDRINASVDTLQGYLANGYFLYGVNTGFGGSADTRTKDLLGLQRALMQHTQSAILTAQDRSDSQSSHEYLESHSMPSAWTRATMLLRCNTNIRGHSAMTANVVDTMIRLLQHDIVPIVPLRGSISASGDLMPLSYISGAIQGNPDVYVRVGGNRGFHKTMTAEQALRGASIEPVVLGPKEGLSLINGTAAAAAVATLGLYEANQLAVISQLLTALSSEALYANNEWAHPFIAAVRPHTGQIEAAQNIRNFLWGSKLIYGLEQTKDRFKSGLAQERYALRSSPQWLSPLLEDLMSAERQLTVEINSTTDNPVVNVSDNDIHCGANFQAAAVTSATEKIRLALQSIGKMLFSQTTEMINHDLSNGLPPNLAADDPSLSFCLKGIDVNTAAYTSELGFLANPVSNHVQSAEMHNQAINSLGLLSARQTMNAVEVLSLIVANCLYTGCQGVDLRTLHRTFLAQVQEPVRKLVSALVDDDEEKASSLFKAQWNLFEEAWYDYSYLDAGERCDKVSETLATAALSCAHLTGGLAVAKLEEARQALSSLVLESYEAHRDAFFQNPTTPDHLGEGTRVAYLFVRERLGVPLHRGLVEHPVANDPSGNMIEGRPKKTIGSWVSTIYEAVRDGSLYGEMFRFLETVGQEKANGSNGDVLSKHHGGNGVVSVKQNGNHGPNGTNGANGANGANGANGSNGTNGTNGTNGTNGFNGSH,seq3.pdb,0.033221018377482,0.5709102609251262,1.0244858662764855,0.4918210360834941,-0.2504136708945218,-0.3626880992360778,0.1024442288753371,-0.6386253206972868,0.7050911143801848,-0.3918465735727076,-0.7587994466263869,0.4107410491862999,1.5401039744040133,0.1875500416063556,0.8865293816196039,0.6332478761052363,0.6204284583117096
3,3,Tyrosine,N[C@@H](Cc1ccc(O)cc1)C(=O)O.O,MAITTLRVQRRSISVPIPEGSLKVTAVAVAPKSAPEPSPTPVQKTPLLSEFVESHKELESYRHGRPVMIDGQNLSIAAVTAASRYSAPVVLDNSPAIITRMDKSRDVITTKVDAGTSVYGVSTGFGGSAVTRTDQPLVLGNALLQLLQSGVLPSSSKPLDALPLLDPVASTTMPESWVRGAILIRMNSLIRGHSGVRMDLITKMNELLDADITPVVPLRGSISASGDLSPLSYVAGALTGNPSIRVFDGSRTFGAREICSSQDALKSHNIAPIALASKEHLGLLNGTAFSASVAALALNDAVHLALLAQVCTAMGTEALAGTRGSFDPFIHDVARPHPGQIESAKLIWDLLEGSTFATTSEDEVTIEEDEGILKQDRYPLRTSPQFIGPQIEDLLESLKTITIECNSNNPLVDGETGKIHNGGNFQAMAVTNAMEKTRLGLHHLGKLLFSQCTELVNPAMNRGLPPSLAATDPSLDYHCKGVDIASAAYVAELGYLANPVSTHIQSAEMHNQAVNSMALVSARATINSLEVLSMLTASYLYALCQALDLRALQKELIEGLNKIITEALSGSFGQSLSTAEHKLLVTKISNAMQDTLEATSTMDAADRMQKVAASSTTILVDFFTGPAAFDDMASLGSTLACIPEFRSAIASQATALLDTLRREYLSGGRGAAPASRYLNKTRPVYEFVRETLGVKMHGSENYTRFAKGMYVDDQSVGQNVSLIHEAIRDVHVEDMASLLDDKVVIVGAGCFGVSTAYHLLKRGFTDITILDRSPTLPAPDAASNDMNRIVRSSYSDIFYSKLAREAITAWKDRNEWRDTYQEYAASNHPGHPATKLIAHLRSGVLVLGLSENKAYADAAYQNDVVLGATLTHLSNAEAIRASLPKVPTATFEGNTGYLNMEGGWADAGQGVAIMIETVVSHGCKVLPGKPVRRVSRNKDGKTNGVVCEDGTFYAAATIVIATGSWTPSTFPDISPSHTTGLSTGRQCIAMIQLNEEEAALYKDVPVILDFRTGFYIFPPTSKGIIKMAMHLAGYTHTKGGVSTPRTITDSPSRGLLIPKHNVRELRTQLRNIYPKLAEKPFSATRLCWYNDSPDGNWIIGRVPEDSSLILATAGSGHAYKFLPVIGRLVADTVDGTIQPNVAAKFSIARSYIGADESRPGMPIAELDLDQLCMPEDLQANSLSRF,seq4.pdb,0.7651964410503087,0.282749698230938,0.3642880683901979,0.8351488881609399,0.870389361073709,0.4333979650925601,1.071607538267478,1.3228413341039418,0.2998690367213749,1.1373958288048207,0.5598801030319793,0.7571462868560859,1.5401039744040133,0.1875500416063556,0.8865293816196039,0.6332478761052363,0.6204284583117096
4,4,Tyrosine,N[C@@H](Cc1ccc(O)cc1)C(=O)O.O,MPESWVRGAILVRANSLIRGHSGVRWELVEKMIELLRSNITPLVPLRGSISASGDLSPLSYIAGTLIGNPSIRVFDGPSVFGARQIVSSRDALAKHNIAPIPLAAKEHLGVLNGTAFSASIAALALNDAAHLAMLAQICTAMGTEALLGERGNYHYFIHEVARPHPGQVEAARTIWDLLEGSQFAHAEEKEVTIEEDDGELRQDRYPLRTAPQFLGPQIEDIISALNTVTLECNSTTDNPLFDGETGDVHHGGNFQAMAVTNAMEKTRLALHHIGKLLFAQSTELINPTMNRGLPPSLAASDPSLNYHTKGLDIAVAAYVGELGYLASPVSTHIQSAEMHNQAVNSLALISARATVNSLEVLSLLTSTYLYLICQALDLRAMQFEFRRGLAEIVDEELRTHFGASLAPSDASSILRKVSSIMFKTLDHTSTMDAIPRMAAVSSASSSVLVEYFTSSAAVEVTALSALPAFRGAVSSRAVQLLNTLRTDYLTGARGPAPASAYLNKTRPIYEFVRVTLGIGMHGKENLDLFSEGLGVQDVTIGQNVSLIHERGFTDVTAIDRSEVLPAPDAASTDINKIVRTSYSDRFYTQLAHDSIQCWKDIEEWGDTYHECGMKGFLNRDGGWAFAAQGITKMTERVLSMGGKVIGGKGARGLSKVGGRTTGVKCSDGTIMSADLVVIASGSWTASSFTDLGLETSCLATGQSVATIDLTPDEADRYRKCPVILDFATGFYMFPPNSENIMKMAIHAVGHTNYASNNTSKNISTPRTILSHDKEGLLIPKAIARLLRKQMSQIYPELAHKPFSSTRLCWYTDSPDGDWVIGYYPSDAGLVLATAGSGHAYKFLPVLGRLVADSIQGTLDESIAQKFSPNRSYAKHDPSRSRAAITDLASEQLCTAEDLLPQ,seq5.pdb,0.517357901398672,0.3159703724977738,0.2991731249530839,0.1860980052165549,0.9517215780683206,0.6704045325824789,0.8923279372991801,0.7624207376105654,0.0494723838538556,0.6456066958892686,0.1950903051666203,0.5212637133467913,1.5401039744040133,0.1875500416063556,0.8865293816196039,0.6332478761052363,0.6204284583117096
5,5,Tyrosine,N[C@@H](Cc1ccc(O)cc1)C(=O)O.O,MVMLSAETRTGIQRRRSSAATLPFGDGIIKVQTSKALKPMSTLPAELPLLQFFMDSNTELEDYKCGKYVTVDGKTLSIAAIVAASRQGTSVQLDQSPRTKEKVDQSRKTIADKVDNGISVYGVSTGFGGSADTRTDSPLALGHALLQMQHAGVLPSSTKTLDILPLLDPMGSVMPEAWVRAAMLVRMNSLIRGHSGVRWELIERMNQVLSANIIPVVPLRGSISASGDLSPLSYIAGTLCGNPSIRVFDGPSVFGFRQMVSSREALARHHIAPIPLASKEHLGILNGTAFSAAVASLALDDAVKLTLLSHVLTAMGVEALCGTRGSFDPFIHDVARPHPGQIESAKLIWNLLESSQFAVLKEEEVTIEEDEGTLRQDRYSLRTAPQFLGPQIEDLLASLATVTKECNSTTDNPLVDGTTGHVHHGGNFQAMAVTNAMEKTRLSLHHIGKLMFAQCAELMDPSMNRGLPPSLASTDPSLNYHAKGIDIATAAYVSELGYLASPVSTHIQSAEMHNQAVNSLALISTRQTLTSLDVLSILMSSYLYVICQALDLRALQHEFLIGLASICHEEVLASFGSVLPPSEFSVVEQHVRKAAIATFEKTSTLDLHERMHKVAASSTTVLVDFLTCSVNADAASSLVHIPEFRRRFSEKMALLMVDLREAYLFGKRGPAPASPYLTKTKPVYEFVRLTLGIRMHGSENYNRFVNGHGVDESTVAKDASSNDINRIVRTSYTDPFYAKLAKEAIKSWKEDVDIWGDSYHESGVLLIAGKYADEAYLNEVQQGLRLTQFERFSMVHQSFPSNVAVYLPEDTKGYLNHDNGWVDAGKATFLLTKKVIALGGKLILGKRATRLLRKGGITEAVECHDGTVVGASLVVIAAGPWSPSIFPELEYKDKSLATGQCVAMVQLSQEEADIYRNVPVVLNYSTGFYCFPPTKDNIVKIAIHAPGFTHTIDNISIPRTVTTHPEDGLFIPKAFAQRLRDEFAAVYPELAKKAFSSTRLCWYNDSPDGDWIIGRHPIDSSILFATGGSGHAFKFLPVIGRIVADAIQGTLDSLVAEKFAYDREITHVDGSRDGTGMLGRTLGGARGEGEKGVE,seq6.pdb,0.7107661122357996,0.2731027900187757,0.5226131177938812,0.8452893132325158,0.8335018538772614,1.1739054244324418,0.67916636211021,0.8712234892040833,0.4341883625232602,0.866823714604708,0.4113126874438749,0.4696367971357593,1.5401039744040133,0.1875500416063556,0.8865293816196039,0.6332478761052363,0.6204284583117096
6,6,Tyrosine,N[C@@H](Cc1ccc(O)cc1)C(=O)O.O,MTIFSADTFSITRPHSNSLSTLKVIATPVTESPPSPVASSTSPNATNLVEEFINAHKELQSYKSGRPVVLDGHTLSIAAVAAAARYDAGVELDDSPLVKDRLLQSRQVVADKVEQGTSIYGVTTGFGGSADTRTDQPILLGNALMQMQHSGILPSSSKPLDALPLQDPFGLAMPESWVRGAMLIRMNSLIRGHSGVRWELVEKMNDLLRANITPVVPLRGSISASGDLQPLSYVAGALYGNPSIRVFDGERTSAFGPRKVVSSVEALEAHNLSPISLACKEHLGILNGTAFSASVAALALHDAVHLTLLTQVLTAMGTEALAGTRGNFDPFIHAVARPHPGQVETADVIWNLLEGSKFATTEEEEVTIDEDKGHLRQDRYPLRTSPQFIGPQVEDLIASLATITLECNSTTDNPLVDGETGKVHNGGNFQAMAVTNAMEKTRLSLHHLGKLVFSQCAELINPTMNRGLPPSLAATDPSLNYHAKGIDIASAAYVAELGYLANPVSTHIQSAEMHNQAINSMALVSGRATITSLEVLSLLIASYLYAICQALDLRALQHELYEGLDAIVKEEIIAAFSPFLHDYEITRFTAISCHIVRDAMDSTSTMDAKDRMTSVAASLTTPLVDFLTGEAFSDVVSVGQALTSIPAFRARIAARGYELLDELRRAYLSGGRGLAPASRFLNKTRPVYEFVRLTLGIKMHGVENYNDFETGVGVDDVTTGQNVSLIHETDDKILIVGAGCFGLSTASHLLDRGFKDITILDKAASLPATDAASYDLNKIVRTSYDDVFYTKLAQEAIAQWKTEEWGDTYHECGVLVLGHSDDKHSYSSQSYVNDISIGARVAVVENSTEIRNKGMFPDGVRVASLQNTAGYLNYDGGWANAAQGVELLTSRIRARGGKFVPGKEVYKLVGNPEDGRTKGVECRDGSMYDADLVIIATGAWTASAFPQLRLKEKCLATGQSVATIQLTAEEAEIYRRCPVVLNFSTGFYVFPPNQDNVVKMAMHAAGYTYVPQDTPSPSNDLGISTPRTISNANENGLRIPKVVLAQLRAHLREVYPDLAEKPFLGTRLCWYNDSPDGDWVIGFHSDDPAVLLATAGSGHAYKFFPVIGKLVADAIEGKLDPLLASKFAVDRRHSDVDQSRYGQTVEALHLDSLCTPEDLRP,seq7.pdb,0.5852141899941115,0.462046098982156,0.3712925889203599,0.638668688292513,1.4504434255186849,0.1061972988448182,0.8877444999773352,0.8075323701055305,-0.2191438895667127,1.45756615258545,0.5225989449445199,-0.1707581796813847,1.5401039744040133,0.1875500416063556,0.8865293816196039,0.6332478761052363,0.6204284583117096
7,7,Tyrosine,N[C@@H](Cc1ccc(O)cc1)C(=O)O.O,MAPPERAGKSVFLGNIPYNLTEEQVKDILSSAGTVTKFRLMMNPETGKPKGYGFADFADADAAASAVRNLNDYEVMGRKIRVDWPHNNEKDSIPPDYSQTSQVPGQDGQMGAQQSSAPLPPLPPGVDLPPHLDCPNAISQTLSSLPPNQLLDVLSQMKSLVMADPARATELLRQAPQLAYAIFQALLLMNLVDYSTLGTVVEQAAQSQSAAAAPPAAQPFQPFSAVPGPVSTPPQPQQQVPGQDELLQQVLSMPQSAIDALPPMERSQIMLLRQQLMQGAMRYGCIPKITTDPAVLEKIEASVQVLRDHLDKGYHVYGVNTGFGGSADSRTDQVVALQSGLSQLLQAGVLVASDKDTNVDLERQVRLDSHAVPVPWVRAAMLVRCNSNARGHSAVTLSVMKSILQLLESRITPVVPLRGSISASGDLIPLSYIAGAIEGNPDVHVHVQKSHKSQIMSSRDALLSAGMEPQVLGPKEGLGLVNGTSFSAALSSLVMYETHQLVVLVQAISAVALEALMGNAESFHPFISAIRPHDGQMECARNILSFLQGSRLAQGIQSVKTHTRQGLMQDRYALRCVPQWVGPQLEDLLLAHKQVTVELNSTTDNPLIDPETGDILHGGNFQAVSVTSAMEKTRSCLQMFGRLLFSQSTELVDPSLNNGLPTNLVADDPSLSFTMKGVDISMASYMAELAYLANPVSSHVQAAEMRNQSINSMAFVSSRYTMQAVEIVSLMCACSLYIGCQALDLRVLHLTYLDNIKPQLHLLTSDLFSSYLSDQELATLTESLWENISKSWSTTTRQGIPERVQVAVKNAIPTLLDTLKEKRGPGLSDLNRWETQAADLLNKTYQNTADTFFNQQNTEEFLGAGAKILYRTVRQDLNVPFHLGFVEHPTVNNETLNGRSKKTIGSWISIIYEAIRDGRLMGPFMESLASKSSSADDSLTKIRSLRMSRL,seq8.pdb,0.5572541730427109,0.5552180042156338,-0.3239689688253439,0.6920980428372384,1.136205868913046,0.8294708593047335,0.7413994431145506,0.4552787558760737,0.7918957762132378,-0.6874897247859569,1.0622986554028842,0.8753530223766447,1.5401039744040133,0.1875500416063556,0.8865293816196039,0.6332478761052363,0.6204284583117096
8,8,pNP-β-GlcA,O.O=C(O)C1OC(Oc2ccc([N+](=O)[O-])cc2)C(O)C(O)C1O,MSRTPRVGLRTAVATAAAAPLVLTLAVGAGAATTPPGDLEQPELEARVKEIIEVDGYQFRDLNDNGELDPYEDWRLPTPERVADLVGQMSLVEKSGLMLINTLNAACDPQTGEFGVLPAQADNYINTQHMHRFVFRNVVDVRAEGVECTGTGTPVVSPAEAATFTNAVQEMSEATRLGIPSLFKSNARNHIDPDARVGINEAAGAFSAFPKEAGIAAAALGEQARRTGEATTGDMSVVADFADVMGEEWASIGLRGMYGYMADLSTEPRWYRTHETFTEDAYLAAEIMETLVQTLQGEELTDNGLALSPQTRVALTLKHFPGGGPQELGLDPHYAFGKAQVYPAGRFEEHFLPFQAAIDAGVSSIMPYYGVPVDVPVVGGEPGETYPHTGFAFSDSIVNGLLRDQLGFTGYVNSDTGIINDRAWGLEGNTVPERVAAAINGGTDTLSGFSDVSVITDLYEADLISEERIDLAAERLLEPLFDMGLFENPYVDPDVATATVGADDHRAVGLDLQRKSLVLLQNEETDEGPVLPLKEGGDVYILGDFTEETVESYGYEVTNGNVAEGEERPSAAGSDYVLISMTAKTNAGDYVSDDPSLGLNPDHGTNPSVIIGDDGEPLPGLDGQSLWGAADVCVHKEGHEENPSCTDNRLRFGGAYPWESSILDFTGMEAAESWEVVPSLETIQEVMAEVEDPSKVILHVYFRQPYVLDEESGLRDAGAILAGFGMTDTALMDVLTGAYAPQGKLPFALAGTREAIIEQDSDRPGYDETEDGALYPFGYGLTYEDDTEEPTTPEPEPTTSPDDETPGDDRTPGDDQTPGDDETPADDDETPGDTTDDESPAAGADSGNLARTGAPVTALALVAVAALVLGTALLIQRRFARTQG,seq9.pdb,1.3851546458679918,0.7282057251078808,2.3228224849818,0.2783991591107488,1.3100079184658189,2.175244931030671,0.3091772171596626,1.3623804508764985,1.3257414471883489,1.6592564907962983,2.0058921118621504,1.1026242472079186,1.5401039744040133,0.1875500416063556,0.8865293816196039,0.6332478761052363,0.6204284583117096
9,9,pNP-β-Glc,O.O=[N+]([O-])c1ccc(O[C@@H]2O[C@H](CO)[C@@H](O)[C@H](O)[C@H]2O)cc1,MSRTPRVGLRTAVATAAAAPLVLTLAVGAGAATTPPGDLEQPELEARVKEIIEVDGYQFRDLNDNGELDPYEDWRLPTPERVADLVGQMSLVEKSGLMLINTLNAACDPQTGEFGVLPAQADNYINTQHMHRFVFRNVVDVRAEGVECTGTGTPVVSPAEAATFTNAVQEMSEATRLGIPSLFKSNARNHIDPDARVGINEAAGAFSAFPKEAGIAAAALGEQARRTGEATTGDMSVVADFADVMGEEWASIGLRGMYGYMADLSTEPRWYRTHETFTEDAYLAAEIMETLVQTLQGEELTDNGLALSPQTRVALTLKHFPGGGPQELGLDPHYAFGKAQVYPAGRFEEHFLPFQAAIDAGVSSIMPYYGVPVDVPVVGGEPGETYPHTGFAFSDSIVNGLLRDQLGFTGYVNSDTGIINDRAWGLEGNTVPERVAAAINGGTDTLSGFSDVSVITDLYEADLISEERIDLAAERLLEPLFDMGLFENPYVDPDVATATVGADDHRAVGLDLQRKSLVLLQNEETDEGPVLPLKEGGDVYILGDFTEETVESYGYEVTNGNVAEGEERPSAAGSDYVLISMTAKTNAGDYVSDDPSLGLNPDHGTNPSVIIGDDGEPLPGLDGQSLWGAADVCVHKEGHEENPSCTDNRLRFGGAYPWESSILDFTGMEAAESWEVVPSLETIQEVMAEVEDPSKVILHVYFRQPYVLDEESGLRDAGAILAGFGMTDTALMDVLTGAYAPQGKLPFALAGTREAIIEQDSDRPGYDETEDGALYPFGYGLTYEDDTEEPTTPEPEPTTSPDDETPGDDRTPGDDQTPGDDETPADDDETPGDTTDDESPAAGADSGNLARTGAPVTALALVAVAALVLGTALLIQRRFARTQG,seq9.pdb,1.486596372581219,0.5049381208753911,1.976623437405574,0.705062843275406,1.9382834431475808,1.674372704902873,0.5270465839912999,1.850191675243008,1.1586121615997662,1.746430554272399,2.421873893515684,0.8674664284585978,1.5401039744040133,0.1875500416063556,0.8865293816196039,0.6332478761052363,0.6204284583117096
10,10,pNP-β-GalA,O.O=C(O)[C@H]1O[C@@H](Oc2ccc([N+](=O)[O-])cc2)[C@H](O)[C@@H](O)[C@H]1O,MSRTPRVGLRTAVATAAAAPLVLTLAVGAGAATTPPGDLEQPELEARVKEIIEVDGYQFRDLNDNGELDPYEDWRLPTPERVADLVGQMSLVEKSGLMLINTLNAACDPQTGEFGVLPAQADNYINTQHMHRFVFRNVVDVRAEGVECTGTGTPVVSPAEAATFTNAVQEMSEATRLGIPSLFKSNARNHIDPDARVGINEAAGAFSAFPKEAGIAAAALGEQARRTGEATTGDMSVVADFADVMGEEWASIGLRGMYGYMADLSTEPRWYRTHETFTEDAYLAAEIMETLVQTLQGEELTDNGLALSPQTRVALTLKHFPGGGPQELGLDPHYAFGKAQVYPAGRFEEHFLPFQAAIDAGVSSIMPYYGVPVDVPVVGGEPGETYPHTGFAFSDSIVNGLLRDQLGFTGYVNSDTGIINDRAWGLEGNTVPERVAAAINGGTDTLSGFSDVSVITDLYEADLISEERIDLAAERLLEPLFDMGLFENPYVDPDVATATVGADDHRAVGLDLQRKSLVLLQNEETDEGPVLPLKEGGDVYILGDFTEETVESYGYEVTNGNVAEGEERPSAAGSDYVLISMTAKTNAGDYVSDDPSLGLNPDHGTNPSVIIGDDGEPLPGLDGQSLWGAADVCVHKEGHEENPSCTDNRLRFGGAYPWESSILDFTGMEAAESWEVVPSLETIQEVMAEVEDPSKVILHVYFRQPYVLDEESGLRDAGAILAGFGMTDTALMDVLTGAYAPQGKLPFALAGTREAIIEQDSDRPGYDETEDGALYPFGYGLTYEDDTEEPTTPEPEPTTSPDDETPGDDRTPGDDQTPGDDETPADDDETPGDTTDDESPAAGADSGNLARTGAPVTALALVAVAALVLGTALLIQRRFARTQG,seq9.pdb,1.581695877568981,0.4372047122701383,2.00919224740362,0.9482510140132806,1.985634883134601,1.8449215633696048,0.7247096946237925,1.86652725168762,1.263651412503966,1.8001430176992796,2.451712565163067,0.9222151260909782,1.5401039744040133,0.1875500416063556,0.8865293816196039,0.6332478761052363,0.6204284583117096
11,11,pNP-β-Gal,O.O=[N+]([O-])c1ccc(O[C@@H]2O[C@H](CO)[C@@H](O)[C@H](O)[C@H]2O)cc1,MSRTPRVGLRTAVATAAAAPLVLTLAVGAGAATTPPGDLEQPELEARVKEIIEVDGYQFRDLNDNGELDPYEDWRLPTPERVADLVGQMSLVEKSGLMLINTLNAACDPQTGEFGVLPAQADNYINTQHMHRFVFRNVVDVRAEGVECTGTGTPVVSPAEAATFTNAVQEMSEATRLGIPSLFKSNARNHIDPDARVGINEAAGAFSAFPKEAGIAAAALGEQARRTGEATTGDMSVVADFADVMGEEWASIGLRGMYGYMADLSTEPRWYRTHETFTEDAYLAAEIMETLVQTLQGEELTDNGLALSPQTRVALTLKHFPGGGPQELGLDPHYAFGKAQVYPAGRFEEHFLPFQAAIDAGVSSIMPYYGVPVDVPVVGGEPGETYPHTGFAFSDSIVNGLLRDQLGFTGYVNSDTGIINDRAWGLEGNTVPERVAAAINGGTDTLSGFSDVSVITDLYEADLISEERIDLAAERLLEPLFDMGLFENPYVDPDVATATVGADDHRAVGLDLQRKSLVLLQNEETDEGPVLPLKEGGDVYILGDFTEETVESYGYEVTNGNVAEGEERPSAAGSDYVLISMTAKTNAGDYVSDDPSLGLNPDHGTNPSVIIGDDGEPLPGLDGQSLWGAADVCVHKEGHEENPSCTDNRLRFGGAYPWESSILDFTGMEAAESWEVVPSLETIQEVMAEVEDPSKVILHVYFRQPYVLDEESGLRDAGAILAGFGMTDTALMDVLTGAYAPQGKLPFALAGTREAIIEQDSDRPGYDETEDGALYPFGYGLTYEDDTEEPTTPEPEPTTSPDDETPGDDRTPGDDQTPGDDETPADDDETPGDTTDDESPAAGADSGNLARTGAPVTALALVAVAALVLGTALLIQRRFARTQG,seq9.pdb,1.4865963626353598,0.5049381426571076,1.976623437405574,0.705062743816814,1.9382833436889888,1.674372655173577,0.5270465839912999,1.850191675243008,1.1586121615997662,1.746430703460287,2.421873893515684,0.8674664284585978,1.5401039744040133,0.1875500416063556,0.8865293816196039,0.6332478761052363,0.6204284583117096
12,12,pNP-β-Xyl,O.O=[N+]([O-])c1ccc(O[C@@H]2OC[C@@H](O)[C@H](O)[C@H]2O)cc1,MSRTPRVGLRTAVATAAAAPLVLTLAVGAGAATTPPGDLEQPELEARVKEIIEVDGYQFRDLNDNGELDPYEDWRLPTPERVADLVGQMSLVEKSGLMLINTLNAACDPQTGEFGVLPAQADNYINTQHMHRFVFRNVVDVRAEGVECTGTGTPVVSPAEAATFTNAVQEMSEATRLGIPSLFKSNARNHIDPDARVGINEAAGAFSAFPKEAGIAAAALGEQARRTGEATTGDMSVVADFADVMGEEWASIGLRGMYGYMADLSTEPRWYRTHETFTEDAYLAAEIMETLVQTLQGEELTDNGLALSPQTRVALTLKHFPGGGPQELGLDPHYAFGKAQVYPAGRFEEHFLPFQAAIDAGVSSIMPYYGVPVDVPVVGGEPGETYPHTGFAFSDSIVNGLLRDQLGFTGYVNSDTGIINDRAWGLEGNTVPERVAAAINGGTDTLSGFSDVSVITDLYEADLISEERIDLAAERLLEPLFDMGLFENPYVDPDVATATVGADDHRAVGLDLQRKSLVLLQNEETDEGPVLPLKEGGDVYILGDFTEETVESYGYEVTNGNVAEGEERPSAAGSDYVLISMTAKTNAGDYVSDDPSLGLNPDHGTNPSVIIGDDGEPLPGLDGQSLWGAADVCVHKEGHEENPSCTDNRLRFGGAYPWESSILDFTGMEAAESWEVVPSLETIQEVMAEVEDPSKVILHVYFRQPYVLDEESGLRDAGAILAGFGMTDTALMDVLTGAYAPQGKLPFALAGTREAIIEQDSDRPGYDETEDGALYPFGYGLTYEDDTEEPTTPEPEPTTSPDDETPGDDRTPGDDQTPGDDETPADDDETPGDTTDDESPAAGADSGNLARTGAPVTALALVAVAALVLGTALLIQRRFARTQG,seq9.pdb,1.497693665145103,0.5313175155261209,1.92804985023994,0.7625081990099138,2.075815579847151,1.8388622475686052,0.4150083698057666,1.780795138878474,1.128837292639157,1.716335080540447,2.4357518481517397,0.8949730447698367,1.5401039744040133,0.1875500416063556,0.8865293816196039,0.6332478761052363,0.6204284583117096
13,13,pNP-α-Araf,O.O=[N+]([O-])c1ccc(O[C@@H]2O[C@@H](CO)[C@H](O)[C@H]2O)cc1,MSRTPRVGLRTAVATAAAAPLVLTLAVGAGAATTPPGDLEQPELEARVKEIIEVDGYQFRDLNDNGELDPYEDWRLPTPERVADLVGQMSLVEKSGLMLINTLNAACDPQTGEFGVLPAQADNYINTQHMHRFVFRNVVDVRAEGVECTGTGTPVVSPAEAATFTNAVQEMSEATRLGIPSLFKSNARNHIDPDARVGINEAAGAFSAFPKEAGIAAAALGEQARRTGEATTGDMSVVADFADVMGEEWASIGLRGMYGYMADLSTEPRWYRTHETFTEDAYLAAEIMETLVQTLQGEELTDNGLALSPQTRVALTLKHFPGGGPQELGLDPHYAFGKAQVYPAGRFEEHFLPFQAAIDAGVSSIMPYYGVPVDVPVVGGEPGETYPHTGFAFSDSIVNGLLRDQLGFTGYVNSDTGIINDRAWGLEGNTVPERVAAAINGGTDTLSGFSDVSVITDLYEADLISEERIDLAAERLLEPLFDMGLFENPYVDPDVATATVGADDHRAVGLDLQRKSLVLLQNEETDEGPVLPLKEGGDVYILGDFTEETVESYGYEVTNGNVAEGEERPSAAGSDYVLISMTAKTNAGDYVSDDPSLGLNPDHGTNPSVIIGDDGEPLPGLDGQSLWGAADVCVHKEGHEENPSCTDNRLRFGGAYPWESSILDFTGMEAAESWEVVPSLETIQEVMAEVEDPSKVILHVYFRQPYVLDEESGLRDAGAILAGFGMTDTALMDVLTGAYAPQGKLPFALAGTREAIIEQDSDRPGYDETEDGALYPFGYGLTYEDDTEEPTTPEPEPTTSPDDETPGDDRTPGDDQTPGDDETPADDDETPGDTTDDESPAAGADSGNLARTGAPVTALALVAVAALVLGTALLIQRRFARTQG,seq9.pdb,1.52584526452017,0.487528616393539,2.0139372179112125,0.7872453535296743,2.022377373487737,1.7953191267989277,0.5766532972814333,1.8841870198262471,1.137242040956926,1.752062595962125,2.378040801221002,0.9113878182264172,1.5401039744040133,0.1875500416063556,0.8865293816196039,0.6332478761052363,0.6204284583117096
